<?xml version="1.0" encoding="UTF-8"?>
<project-private xmlns="http://www.netbeans.org/ns/project-private/1">
    <editor-bookmarks xmlns="http://www.netbeans.org/ns/editor-bookmarks/2" lastBookmarkId="1"/>
    <open-files xmlns="http://www.netbeans.org/ns/projectui-open-files/2">
        <group>
            <file>file:/home/amr-bahaa/GitHub%20FolderShare/RUN/New%20folder%20(2)/ThisIsNew/src/Frames/PanelsAdmin/OldCustomerUpdate.java</file>
            <file>file:/home/amr-bahaa/GitHub%20FolderShare/RUN/New%20folder%20(2)/ThisIsNew/src/Frames/PanelsAdmin/AddNewCustomerPanel.java</file>
            <file>file:/home/amr-bahaa/GitHub%20FolderShare/RUN/New%20folder%20(2)/ThisIsNew/src/Frames/PanelsAdmin/NewCustomerUpdate.java</file>
            <file>file:/home/amr-bahaa/GitHub%20FolderShare/RUN/New%20folder%20(2)/ThisIsNew/src/Frames/PanelsAdmin/UpdateDeletePanel.java</file>
        </group>
    </open-files>
</project-private>
