<?xml version="1.0" encoding="UTF-8"?>
<project-private xmlns="http://www.netbeans.org/ns/project-private/1">
    <editor-bookmarks xmlns="http://www.netbeans.org/ns/editor-bookmarks/2" lastBookmarkId="1"/>
    <open-files xmlns="http://www.netbeans.org/ns/projectui-open-files/2">
        <group>
            <file>file:/E:/Project/Codes/Project/src/Frames/PanelsAdmin/TotalCollectedpanel.java</file>
            <file>file:/E:/Project/Codes/Project/src/Home/AdminFrame.java</file>
            <file>file:/E:/Project/Codes/Project/src/Frames/PanelsAdmin/AddNewCustomerPanel.java</file>
            <file>file:/E:/Project/Codes/Project/src/Frames/PanelsAdmin/NewCustomerUpdate.java</file>
            <file>file:/E:/Project/Codes/Project/src/Home/OperatorDesktop.java</file>
        </group>
    </open-files>
</project-private>
